{"cameraMode":{"drawMode":0,"name":"Shaded","section":"Shading Mode"},"sceneLighting":false,"audioPlay":false,"sceneViewState":{"showFog":true,"showMaterialUpdate":false,"showSkybox":false,"showFlares":true,"showImageEffects":true,"showParticleSystems":true},"in2DMode":false,"pivot":{"x":1.7400000095367432,"y":1.409999966621399,"z":0.0},"rotation":{"x":0.1656646579504013,"y":-0.028102124109864236,"z":0.004722702782601118,"w":0.985771119594574},"size":0.17320510745048524,"orthographic":false}