{"cameraMode":{"drawMode":0,"name":"Shaded","section":"Shading Mode"},"sceneLighting":true,"audioPlay":false,"sceneViewState":{"showFog":true,"showMaterialUpdate":false,"showSkybox":true,"showFlares":true,"showImageEffects":true,"showParticleSystems":true},"in2DMode":false,"pivot":{"x":4.109457969665527,"y":1.1147844791412354,"z":-0.5097578763961792},"rotation":{"x":0.03898955509066582,"y":0.005995394196361303,"z":-0.0002339441707590595,"w":0.9992218613624573},"size":3.5829474925994875,"orthographic":true}