{"cameraMode":{"drawMode":0,"name":"Shaded","section":"Shading Mode"},"sceneLighting":true,"audioPlay":false,"sceneViewState":{"showFog":true,"showMaterialUpdate":false,"showSkybox":true,"showFlares":true,"showImageEffects":true,"showParticleSystems":true},"in2DMode":false,"pivot":{"x":-0.04772818088531494,"y":-0.15898370742797852,"z":-1.185990333557129},"rotation":{"x":0.0629538968205452,"y":0.0119759077206254,"z":-0.0007554616313427687,"w":0.9979438781738281},"size":5.495789051055908,"orthographic":true}