{"cameraMode":{"drawMode":0,"name":"Shaded","section":"Shading Mode"},"sceneLighting":true,"audioPlay":false,"sceneViewState":{"showFog":true,"showMaterialUpdate":false,"showSkybox":true,"showFlares":true,"showImageEffects":true,"showParticleSystems":true},"in2DMode":false,"pivot":{"x":8.087993621826172,"y":-0.15898370742797852,"z":-0.7217494249343872},"rotation":{"x":0.1656646579504013,"y":-0.028102124109864236,"z":0.004722702782601118,"w":0.985771119594574},"size":4.552943229675293,"orthographic":false}